{
    "wol": 0.18890046178658448,
    "lp": 0.18890046178658448,
    "pax": 0.18890046178658448,
    "oiler": 0.18890046178658448,
    "spittoon": 0.18890046178658448,
    "terrific": 0.17892939789440776,
    "bean": 0.1663673430332705,
    "witty": 0.1663673430332705,
    "snake": 0.16188375158394488,
    "web": 0.15480916916565873,
    "comedic": 0.15480916916565873,
    "cow": 0.1519126876917682,
    "goofy": 0.1519126876917682,
    "pun": 0.1469778602905239,
    "goblin": 0.1428697214684254,
    "wacky": 0.1428697214684254,
    "playthroughs": 0.1410472827172535,
    "skeleton": 0.13935063283063093,
    "west": 0.13935063283063093,
    "western": 0.1310762188250768,
    "meat": 0.12883907093063393,
    "wild": 0.12313868227115232,
    "humour": 0.11996115008788434,
    "comedy": 0.11996115008788434,
    "horse": 0.11851416396393954,
    "laugh": 0.11782139507084245,
    "white": 0.11649179183994113,
    "stop": 0.11585301126578582,
    "simplistic": 0.11462317153641619,
    "encounter": 0.11345191830146484,
    "kingdom": 0.11233392262799136,
    "stick": 0.11179342462017106,
    "talk": 0.1107468126525563,
    "clever": 0.10695599009632777,
    "figure": 0.10445298372712968,
    "joke": 0.09849409104491545,
    "text": 0.09640627199100196,
    "hilarious": 0.09149745376129995,
    "black": 0.08883630106314623,
    "location": 0.08740733741666683,
    "path": 0.08720981290571682,
    "light": 0.08720981290571682,
    "turn": 0.08643520809882525,
    "humor": 0.08643520809882525,
    "sort": 0.08605686726096583,
    "replay": 0.08495556371058419,
    "general": 0.08339090163209886,
    "secret": 0.08113911148095616,
    "complex": 0.08068228714828378,
    "weird": 0.07893539890016268,
    "replayability": 0.07756884349190903,
    "actual": 0.07456919034388056,
    "number": 0.07308525204258343,
    "depth": 0.07297472749968065,
    "dialogue": 0.07221465955639421,
    "class": 0.07189597255562792,
    "casual": 0.07189597255562792,
    "multiple": 0.06873123687032051,
    "animation": 0.06755351015591246,
    "puzzle": 0.0672021946182078,
    "rpg": 0.06694196288398756,
    "masterpiece": 0.06676999246708519,
    "sense": 0.06592772968260517,
    "fight": 0.06535485290855252,
    "list": 0.06511336157936888,
    "funny": 0.06479501837138188,
    "quest": 0.06455893653201404,
    "adventure": 0.06424764542099491,
    "interesting": 0.06386399225129107,
    "element": 0.06181959086050666,
    "choice": 0.06019310270307724,
    "average": 0.059418497896185675,
    "video": 0.054640139757070535,
    "art": 0.05432819050767772,
    "achievement": 0.053316044795741084,
    "devs": 0.052776624637163844,
    "solid": 0.05150068991885147,
    "skill": 0.05145468116941457,
    "dlc": 0.05140875833739353,
    "difficult": 0.05024390779357861,
    "excellent": 0.049638809828990986,
    "place": 0.04802769626999974,
    "type": 0.046105494017296175,
    "combat": 0.04494972563730325,
    "beautiful": 0.04456465248335733,
    "main": 0.04202581777870006,
    "unique": 0.041869679670675744,
    "music": 0.04183857066032746,
    "mode": 0.04116394390704314,
    "free": 0.04027284390140189,
    "fantastic": 0.03998284443928819,
    "simple": 0.039696225001260445,
    "short": 0.039188580771898254,
    "single": 0.0383921310248547,
    "content": 0.03730838935923734,
    "character": 0.03546564140886248,
    "sale": 0.03529826916743665,
    "level": 0.03357304092849744,
    "money": 0.03272157983854237,
    "story": 0.032657287855776804,
    "mechanic": 0.03227502623039276,
    "price": 0.031344587278232396,
    "hard": 0.029944603262095772,
    "easy": 0.02917103856424017,
    "graphic": 0.028949157335099573
}
