{
    "xigncode": 0.17332086175927836,
    "malware": 0.17332086175927836,
    "enmasse": 0.17332086175927836,
    "terapc": 0.17332086175927836,
    "bdo": 0.16254811637883054,
    "privacy": 0.16254811637883054,
    "healer": 0.16254811637883054,
    "gameforge": 0.16254811637883054,
    "tera": 0.15490473189254858,
    "spyware": 0.15490473189254858,
    "gender": 0.15490473189254858,
    "female": 0.15490473189254858,
    "delete": 0.148976062289354,
    "reddit": 0.148976062289354,
    "lock": 0.148976062289354,
    "discussion": 0.14003637879939224,
    "target": 0.1364886020258188,
    "mmorpgs": 0.1364886020258188,
    "invasion": 0.1364886020258188,
    "doesnt": 0.13335924113165293,
    "stop": 0.12802764967211247,
    "publisher": 0.12571585664537097,
    "mmos": 0.12571585664537097,
    "guild": 0.12162024893266246,
    "mount": 0.12162024893266246,
    "launcher": 0.118072472159089,
    "specific": 0.11646174511610957,
    "forum": 0.11646174511610957,
    "selection": 0.11646174511610957,
    "mmorpg": 0.11494311126492313,
    "information": 0.11494311126492313,
    "personal": 0.11350660687397654,
    "max": 0.11350660687397654,
    "shop": 0.11084750355221462,
    "cheat": 0.10729972677864118,
    "mmo": 0.1041703658844753,
    "recent": 0.10320411906593266,
    "file": 0.10320411906593266,
    "playerbase": 0.10227178272963358,
    "armor": 0.1013710571754466,
    "race": 0.09883877442493484,
    "tank": 0.09727544946273808,
    "gear": 0.09652698139819334,
    "cosmetic": 0.09579902190991282,
    "girl": 0.09509047700724674,
    "dungeon": 0.09119538993865287,
    "cost": 0.08727286986893197,
    "party": 0.08575423601774551,
    "customization": 0.08124021242562943,
    "number": 0.08082828387606267,
    "pvp": 0.08042264455820504,
    "patch": 0.0788593195960083,
    "solo": 0.0788593195960083,
    "waste": 0.0788593195960083,
    "order": 0.07598420809880942,
    "actual": 0.07598420809880942,
    "class": 0.07531154282243485,
    "account": 0.07498149063729768,
    "grind": 0.07370081577945542,
    "group": 0.07339006534542587,
    "fix": 0.07131099374147228,
    "pay": 0.07074567753732237,
    "week": 0.07046746704518159,
    "casual": 0.0701921396151923,
    "quest": 0.06758526011217313,
    "sense": 0.06661014666273521,
    "crash": 0.06566955784640982,
    "area": 0.06543952299617399,
    "large": 0.06366760925519031,
    "true": 0.06241215400933288,
    "hell": 0.061606975444642255,
    "environment": 0.06140943654782115,
    "change": 0.058083994621754335,
    "dead": 0.058083994621754335,
    "solid": 0.05756807823207963,
    "long": 0.057398308585878244,
    "devs": 0.055757734478275825,
    "mission": 0.05481991267499512,
    "line": 0.054062913912277515,
    "complete": 0.05391406837322826,
    "support": 0.05361885578902456,
    "release": 0.053182097582874614,
    "skill": 0.0521900782729997,
    "base": 0.0521900782729997,
    "action": 0.046233602430499836,
    "community": 0.044826368571577416,
    "combat": 0.0445119405322778,
    "main": 0.04155680229014476,
    "issue": 0.04046102393057959,
    "unique": 0.04019399797206265,
    "free": 0.0381492309038381,
    "decent": 0.037823228541013644,
    "beautiful": 0.03734160461154602,
    "friend": 0.03734160461154602,
    "content": 0.036946814892654015,
    "character": 0.0364806825992322,
    "story": 0.03557225704231603,
    "level": 0.03384359158960853,
    "money": 0.03228624454604002,
    "mechanic": 0.03144477306995775,
    "hard": 0.029837794190803554,
    "easy": 0.029658476124986618
}
