{
    "flake": 0.401598106070774,
    "bowl": 0.34172693885525174,
    "bargain": 0.31641082820755584,
    "matinee": 0.3026841393671376,
    "corn": 0.2951511896473677,
    "capitalism": 0.27346782955060095,
    "cable": 0.25950961420834434,
    "breezy": 0.24668066343094963,
    "dvd": 0.24668066343094963,
    "display": 0.2399684831706675,
    "look": 0.22894830775368352,
    "cool": 0.191295381919144,
    "charm": 0.14917925709911928,
    "comedy": 0.10203316990775119
}
