{
    "xigncode": 0.18272041130327643,
    "malware": 0.18272041130327643,
    "terapc": 0.18272041130327643,
    "enmasse": 0.18272041130327643,
    "healer": 0.17245284196712912,
    "bdo": 0.17245284196712912,
    "gameforge": 0.17245284196712912,
    "tera": 0.16516788558839862,
    "gender": 0.16516788558839862,
    "spyware": 0.16516788558839862,
    "privacy": 0.16516788558839862,
    "reddit": 0.15099676755794936,
    "delete": 0.15099676755794936,
    "mmorpgs": 0.1476153598735208,
    "female": 0.144632746916104,
    "lock": 0.13955117457316174,
    "invasion": 0.13344424184307158,
    "doesnt": 0.13006283415864303,
    "mmos": 0.13006283415864303,
    "discussion": 0.1270802212012262,
    "publisher": 0.12317667250692427,
    "launcher": 0.12199864885828393,
    "guild": 0.11776834799424976,
    "stop": 0.11776834799424976,
    "mount": 0.11681265186507887,
    "mmorpg": 0.11414461365864367,
    "forum": 0.11331427888353589,
    "selection": 0.11251030844376522,
    "cheat": 0.1109751146736224,
    "target": 0.11024106496434175,
    "max": 0.1095276954863484,
    "recent": 0.10623436768830023,
    "information": 0.10562414679204646,
    "playerbase": 0.10277587336350895,
    "mmo": 0.10224273910761791,
    "specific": 0.10120900611606114,
    "personal": 0.10070754533747506,
    "shop": 0.10021582227937195,
    "gear": 0.09833919041331597,
    "tank": 0.09789098505247368,
    "file": 0.09745057496391209,
    "cosmetic": 0.09701769362278335,
    "armor": 0.09456517111551992,
    "race": 0.09305290441059548,
    "girl": 0.08994825294322463,
    "dungeon": 0.08689359742852834,
    "cost": 0.08632451860761854,
    "pvp": 0.08549418383251077,
    "customization": 0.08266329656449416,
    "solo": 0.08242096991331661,
    "party": 0.08194316438334835,
    "waste": 0.08033845933759587,
    "account": 0.07882941212816925,
    "patch": 0.07740525701400963,
    "grind": 0.07550037869571767,
    "group": 0.07477681684817482,
    "class": 0.0739005030467194,
    "actual": 0.07322065169645744,
    "pay": 0.07255857628992823,
    "number": 0.0708223677511996,
    "week": 0.0708223677511996,
    "casual": 0.06905493373354489,
    "order": 0.06891306814231518,
    "fix": 0.06753648240487403,
    "quest": 0.06547866509469256,
    "crash": 0.06462841451690354,
    "sense": 0.06439063866847056,
    "hell": 0.06346125209159248,
    "large": 0.06300904468541525,
    "environment": 0.062454910061931775,
    "area": 0.06075901679447211,
    "true": 0.06035221380016495,
    "dead": 0.059754006254771695,
    "change": 0.056782343758846124,
    "long": 0.05575211591530573,
    "devs": 0.05566812598157964,
    "solid": 0.05525230478603484,
    "mission": 0.05525230478603484,
    "support": 0.05525230478603484,
    "base": 0.05476216803054785,
    "line": 0.053576790543666826,
    "release": 0.05281628468522307,
    "skill": 0.05207795419800917,
    "complete": 0.052005291474396385,
    "community": 0.048614815592268816,
    "action": 0.04642730303415712,
    "combat": 0.045012245438257346,
    "friend": 0.04034949387461916,
    "main": 0.04016698539592358,
    "issue": 0.03998578289248258,
    "unique": 0.03980586780668541,
    "beautiful": 0.039627221973681646,
    "decent": 0.039627221973681646,
    "free": 0.03914234665542664,
    "content": 0.03845324449295023,
    "character": 0.03564115704056736,
    "story": 0.03420007571887619,
    "money": 0.03420007571887619,
    "level": 0.033808016712559584,
    "mechanic": 0.0312854009400882,
    "hard": 0.030036173953662437,
    "easy": 0.029884266228750702,
    "graphic": 0.028903900889831528
}
